{
  "ndcg@1": 0.6143386897404203,
  "recall@1": 0.588215904408735,
  "mrr@1": 0.6143386897404203,
  "map@1": 0.6143386897404203,
  "ndcg@3": 0.6949671800909549,
  "recall@3": 0.7490523279769264,
  "mrr@3": 0.6860321384425218,
  "map@3": 0.669482213981596,
  "ndcg@5": 0.7183349330921723,
  "recall@5": 0.8030696332921303,
  "mrr@5": 0.6970951792336219,
  "map@5": 0.684370278807856,
  "ndcg@10": 0.7344094923908212,
  "recall@10": 0.8511742892459828,
  "mrr@10": 0.7029548531402673,
  "map@10": 0.6916172474346145,
  "ndcg@20": 0.7457558596378626,
  "recall@20": 0.8944375772558715,
  "mrr@20": 0.7051278600144015,
  "map@20": 0.6952041932800198,
  "build_s": 49.2252510410035,
  "search_s": 14.349614207982086,
  "qps": 56.377822307584225
}