{
  "ndcg@1": 0.5438813349814586,
  "recall@1": 0.5217758549649772,
  "mrr@1": 0.5438813349814586,
  "map@1": 0.5438813349814586,
  "ndcg@3": 0.6114647678665311,
  "recall@3": 0.6590852904820769,
  "mrr@3": 0.6042439225381128,
  "map@3": 0.5892391155061115,
  "ndcg@5": 0.6375145812578641,
  "recall@5": 0.719241862381541,
  "mrr@5": 0.6182735887927479,
  "map@5": 0.6049512429611316,
  "ndcg@10": 0.6591984998571506,
  "recall@10": 0.7811907704985579,
  "mrr@10": 0.626344497419899,
  "map@10": 0.6152191614181725,
  "ndcg@20": 0.6721007193411319,
  "recall@20": 0.8309847548413679,
  "mrr@20": 0.6294277123194352,
  "map@20": 0.6190024942031679,
  "build_s": 0.27508887503063306,
  "search_s": 5.464108749991283,
  "qps": 148.05708250248324
}