{
  "ndcg@1": 0.6390605686032138,
  "recall@1": 0.6127935723114956,
  "mrr@1": 0.6390605686032138,
  "map@1": 0.6390605686032138,
  "ndcg@3": 0.7149268127200712,
  "recall@3": 0.7652245570663371,
  "mrr@3": 0.7082818294190357,
  "map@3": 0.6902211234720507,
  "ndcg@5": 0.7409123547429084,
  "recall@5": 0.8249072929542646,
  "mrr@5": 0.7190358467243511,
  "map@5": 0.7075271253948634,
  "ndcg@10": 0.7565635549582734,
  "recall@10": 0.8706839719818708,
  "mrr@10": 0.724425608727216,
  "map@10": 0.7148558871426615,
  "ndcg@20": 0.7656221562225192,
  "recall@20": 0.903790688092295,
  "mrr@20": 0.7263677405889921,
  "map@20": 0.7179477088284165,
  "build_s": 66.068793250015,
  "search_s": 7.905143959040288,
  "qps": 102.33842725594278
}